{"parameters":{"historySize":40,"ATR":34,"ADX":37,"Sell_Offset":"6.9","Buy_Offset":"7.8","Sell_ADX_Modifier":"1.54","Buy_ADX_Modifier":"0.57","candleSize":15},"score":161.14637313292818,"profit":312.80584598,"sharpe":0.5151641991474528,"epochNumber":1,"otherMetrics":{"balance":412.80584598,"profit":312.80584598,"sharpe":0.5151641991474528,"market":271.7997707298433,"relativeProfit":312.80584598,"yearlyProfit":"1198.95047696","relativeYearlyProfit":"1198.95047696","startPrice":0.00002617,"endPrice":0.0000973,"trades":11}}