{
  "parameters": {
    "historySize": 30,
    "ATR": 16,
    "ADX": 29,
    "ATR_threshold": 33,
    "BEAR_Multiplier_low": 1,
    "BEAR_Multiplier_high": 7,
    "BULL_Multiplier_low": 8,
    "BULL_Multiplier_high": 9,
    "candleSize": 60
  },
  "score": 346.32686770360726,
  "profit": 1373.6384794822002,
  "sharpe": 0.25212373770583135,
  "epochNumber": 1548,
  "otherMetrics": {
    "balance": 1473.6384794822002,
    "profit": 1373.6384794822002,
    "sharpe": 0.25212373770583135,
    "market": 320.33920675773777,
    "relativeProfit": 1373.6384794822002,
    "yearlyProfit": "1742.96460912",
    "relativeYearlyProfit": "1742.96460912",
    "startPrice": 151.53,
    "endPrice": 636.94,
    "trades": 68
  }
}