{"parameters":{"historySize":600,"ATR":23,"ADX":29,"ATR_threshold":36,"ATR_Multiplier_low":19,"ATR_Multiplier_high":9,"candleSize":120},"score":0,"profit":38.38939516543999,"sharpe":0,"epochNumber":6,"otherMetrics":{"balance":138.38939516544,"profit":38.38939516543999,"sharpe":0,"market":4.117181314330949,"relativeProfit":38.38939516543999,"yearlyProfit":"100.72370110","relativeYearlyProfit":"100.72370110","startPrice":0.03789,"endPrice":0.03945,"trades":2}}