{"parameters":{"historySize":30,"ATR":14,"ADX":16,"ATR_threshold":40,"BEAR_Multiplier_low":15,"BEAR_Multiplier_high":3,"BULL_Multiplier_low":9,"BULL_Multiplier_high":12,"candleSize":17},"score":-35.37655456259427,"profit":845.7602220289999,"sharpe":-0.04182811350210469,"epochNumber":18,"otherMetrics":{"balance":945.7602220289999,"profit":845.7602220289999,"sharpe":-0.04182811350210469,"market":408.01161486174357,"relativeProfit":845.7602220289999,"yearlyProfit":"1137.17031513","relativeYearlyProfit":"1137.17031513","startPrice":151.53,"endPrice":769.79,"trades":138}}