{"parameters":{"historySize":1300,"SMA_long":700,"SMA_short":31,"fastPercentCheck":5,"fastMaFast":5,"fastMaDiff":3,"BULL_RSI":13,"BULL_RSI_high":82,"BULL_RSI_low":20,"BEAR_RSI":14,"BEAR_RSI_high":44,"BEAR_RSI_low":17,"BULL_MOD_high":5,"BULL_MOD_low":-1,"BEAR_MOD_high":19,"BEAR_MOD_low":-7,"ADX":4,"ADX_high":78,"ADX_low":50,"SMA_Timeframe":9,"RSI_Timeframe":25,"ADX_Timeframe":12,"candleSize":1},"score":9.108432431978265,"profit":50.43024872000001,"sharpe":0.18061446578521384,"epochNumber":336,"otherMetrics":{"balance":150.43024872,"profit":50.43024872000001,"sharpe":0.18061446578521384,"market":-53.00666572117431,"relativeProfit":50.43024872000001,"yearlyProfit":"204.75651137","relativeYearlyProfit":"204.75651137","startPrice":141.02,"endPrice":66.27,"trades":15}}