{
  "parameters": {
    "historySize": 1300,
    "SMA_long": 1150,
    "SMA_short": 49,
    "fastPercentCheck": 5,
    "fastMaFast": 2,
    "fastMaDiff": 1,
    "stopLoss": 60,
    "trailStop": 1,
    "BULL_RSI": 7,
    "BULL_RSI_high": 85,
    "BULL_RSI_low": 47,
    "BEAR_RSI": 22,
    "BEAR_RSI_high": 49,
    "BEAR_RSI_low": 32,
    "BULL_MOD_high": 2,
    "BULL_MOD_low": -8,
    "BEAR_MOD_high": 8,
    "BEAR_MOD_low": -1,
    "ADX": 3,
    "ADX_high": 61,
    "ADX_low": 44,
    "SMA_Timeframe": 8,
    "BULL_RSI_Timeframe": 100,
    "BEAR_RSI_Timeframe": 13,
    "ADX_Timeframe": 100,
    "candleSize": 1
  },
  "score": 153.21569761988866,
  "profit": 3743.57177789,
  "sharpe": 0.04092767728531335,
  "epochNumber": 1183,
  "otherMetrics": {
    "balance": 3843.57177789,
    "profit": 3743.57177789,
    "sharpe": 0.04092767728531335,
    "market": 31.85714285714286,
    "relativeProfit": 3743.57177789,
    "yearlyProfit": "7937.59582394",
    "relativeYearlyProfit": "7937.59582394",
    "startPrice": 0.000007,
    "endPrice": 0.00000923,
    "trades": 167
  }
}