{"parameters":{"historySize":1300,"SMA_long":850,"SMA_short":41,"fastPercentCheck":5,"fastMaFast":2,"fastMaDiff":1,"BULL_RSI":13,"BULL_RSI_high":82,"BULL_RSI_low":51,"BEAR_RSI":20,"BEAR_RSI_high":54,"BEAR_RSI_low":21,"BULL_MOD_high":7,"BULL_MOD_low":-5,"BEAR_MOD_high":9,"BEAR_MOD_low":-7,"ADX":2,"ADX_high":80,"ADX_low":60,"SMA_Timeframe":18,"BULL_RSI_Timeframe":15,"BEAR_RSI_Timeframe":17,"ADX_Timeframe":7,"candleSize":1},"score":293.9581250899126,"profit":3454.67123618,"sharpe":0.085090043304658,"epochNumber":621,"otherMetrics":{"balance":3554.67123618,"profit":3454.67123618,"sharpe":0.085090043304658,"market":85.35999999999999,"relativeProfit":3454.6712361799996,"yearlyProfit":"4766.04082241","relativeYearlyProfit":"4766.04082241","startPrice":0.00375,"endPrice":0.006951,"trades":143}}