{"parameters":{"historySize":1300,"SMA_long":1050,"SMA_short":47,"fastPercentCheck":5,"fastMaFast":2,"fastMaDiff":2,"BULL_RSI":12,"BULL_RSI_high":77,"BULL_RSI_low":31,"BEAR_RSI":11,"BEAR_RSI_high":58,"BEAR_RSI_low":23,"BULL_MOD_high":4,"BULL_MOD_low":-9,"BEAR_MOD_high":12,"BEAR_MOD_low":-5,"ADX":2,"ADX_high":62,"ADX_low":51,"SMA_Timeframe":15,"BULL_RSI_Timeframe":20,"BEAR_RSI_Timeframe":17,"ADX_Timeframe":5,"candleSize":1},"score":192.8809146918061,"profit":2302.5351232825196,"sharpe":0.0837689348325045,"epochNumber":90,"otherMetrics":{"balance":2402.5351232825196,"profit":2302.5351232825196,"sharpe":0.0837689348325045,"market":26.999999999999986,"relativeProfit":2302.5351232825196,"yearlyProfit":"6005.68576490","relativeYearlyProfit":"6005.68576490","startPrice":0.000007,"endPrice":0.00000889,"trades":126}}