{"parameters":{"historySize":10000,"SMA_long":1150,"SMA_short":48,"fastPercentCheck":5,"fastMaFast":3,"fastMaDiff":4,"stopLoss":42,"trailStop":1,"BULL_RSI":9,"BULL_RSI_high":80,"BULL_RSI_low":23,"BEAR_RSI":15,"BEAR_RSI_high":52,"BEAR_RSI_low":14,"BULL_MOD_high":5,"BULL_MOD_low":-5,"BEAR_MOD_high":15,"BEAR_MOD_low":-5,"ADX":3,"ADX_high":78,"ADX_low":52,"SMA_Timeframe":16,"BULL_RSI_Timeframe":60,"BEAR_RSI_Timeframe":8,"ADX_Timeframe":8,"candleSize":1},"score":34.73238788405724,"profit":110.73756660000001,"sharpe":0.31364593742172076,"epochNumber":223,"otherMetrics":{"balance":210.7375666,"profit":110.73756660000001,"sharpe":0.31364593742172076,"market":-42.512376237623755,"relativeProfit":110.73756660000004,"yearlyProfit":"486.81322771","relativeYearlyProfit":"486.81322771","startPrice":0.00001616,"endPrice":0.00000929,"trades":25}}