{"parameters":{"historySize":1300,"SMA_long":750,"SMA_short":54,"fastPercentCheck":5,"fastMaFast":4,"fastMaDiff":1,"BULL_RSI":13,"BULL_RSI_high":81,"BULL_RSI_low":29,"BEAR_RSI":18,"BEAR_RSI_high":48,"BEAR_RSI_low":11,"BULL_MOD_high":9,"BULL_MOD_low":-6,"BEAR_MOD_high":11,"BEAR_MOD_low":-7,"ADX":2,"ADX_high":66,"ADX_low":44,"SMA_Timeframe":25,"RSI_Timeframe":19,"ADX_Timeframe":17,"candleSize":1},"score":4.26167138837045,"profit":16.193390394399998,"sharpe":0.26317350996763605,"epochNumber":72,"otherMetrics":{"balance":116.1933903944,"profit":16.193390394399998,"sharpe":0.26317350996763605,"market":-46.56339869281046,"relativeProfit":16.193390394399998,"yearlyProfit":"110.53875746","relativeYearlyProfit":"110.53875746","startPrice":765,"endPrice":408.79,"trades":6}}