{"parameters":{"historySize":1300,"SMA_long":850,"SMA_short":36,"fastPercentCheck":5,"fastMaFast":4,"fastMaDiff":2,"BULL_RSI":9,"BULL_RSI_high":84,"BULL_RSI_low":48,"BEAR_RSI":12,"BEAR_RSI_high":57,"BEAR_RSI_low":17,"BULL_MOD_high":9,"BULL_MOD_low":-2,"BEAR_MOD_high":9,"BEAR_MOD_low":0,"ADX":4,"ADX_high":63,"ADX_low":43,"SMA_Timeframe":18,"RSI_Timeframe":16,"ADX_Timeframe":16,"candleSize":1},"score":148.68368697532,"profit":1457.96159702,"sharpe":0.10198052354686293,"epochNumber":9,"otherMetrics":{"balance":1557.96159702,"profit":1457.96159702,"sharpe":0.10198052354686293,"market":85.35999999999999,"relativeProfit":1457.96159702,"yearlyProfit":"2011.39385309","relativeYearlyProfit":"2011.39385309","startPrice":0.00375,"endPrice":0.006951,"trades":105}}