{"parameters":{"historySize":1300,"SMA_long":750,"SMA_short":40,"fastPercentCheck":5,"fastMaFast":4,"fastMaDiff":1,"BULL_RSI":11,"BULL_RSI_high":82,"BULL_RSI_low":52,"BEAR_RSI":15,"BEAR_RSI_high":54,"BEAR_RSI_low":29,"BULL_MOD_high":3,"BULL_MOD_low":0,"BEAR_MOD_high":11,"BEAR_MOD_low":-5,"ADX":2,"ADX_high":80,"ADX_low":42,"SMA_Timeframe":13,"RSI_Timeframe":18,"ADX_Timeframe":7,"candleSize":1},"score":39.8122081755528,"profit":2428.579587354216,"sharpe":0.01639320711697395,"epochNumber":120,"otherMetrics":{"balance":2528.579587354216,"profit":2428.579587354216,"sharpe":0.01639320711697395,"market":176.31981637337412,"relativeProfit":2428.579587354216,"yearlyProfit":"5802.25988510","relativeYearlyProfit":"5802.25988510","startPrice":0.00002614,"endPrice":0.00007223,"trades":163}}