{"parameters":{"historySize":10000,"SMA_long":850,"SMA_short":39,"fastPercentCheck":5,"fastMaFast":5,"fastMaDiff":1,"stopLoss":58,"trailStop":0,"BULL_RSI":11,"BULL_RSI_high":77,"BULL_RSI_low":32,"BEAR_RSI":17,"BEAR_RSI_high":51,"BEAR_RSI_low":19,"BULL_MOD_high":5,"BULL_MOD_low":-5,"BEAR_MOD_high":15,"BEAR_MOD_low":-5,"ADX":5,"ADX_high":79,"ADX_low":42,"SMA_Timeframe":5,"BULL_RSI_Timeframe":70,"BEAR_RSI_Timeframe":90,"ADX_Timeframe":17,"candleSize":1},"score":14.142426380888805,"profit":35.18752688999999,"sharpe":0.4019158955131902,"epochNumber":1833,"otherMetrics":{"balance":135.18752689,"profit":35.18752688999999,"sharpe":0.4019158955131902,"market":-0.16893794346208324,"relativeProfit":35.18752688999999,"yearlyProfit":"154.68782696","relativeYearlyProfit":"154.68782696","startPrice":0.008879,"endPrice":0.008864,"trades":9}}