{"parameters":{"historySize":1300,"SMA_long":750,"SMA_short":55,"fastPercentCheck":5,"fastMaFast":3,"fastMaDiff":1,"BULL_RSI":10,"BULL_RSI_high":85,"BULL_RSI_low":26,"BEAR_RSI":20,"BEAR_RSI_high":46,"BEAR_RSI_low":35,"BULL_MOD_high":0,"BULL_MOD_low":-3,"BEAR_MOD_high":1,"BEAR_MOD_low":-9,"ADX":2,"ADX_high":62,"ADX_low":59,"SMA_Timeframe":11,"RSI_Timeframe":14,"ADX_Timeframe":8,"candleSize":1},"score":29.66718103511433,"profit":1396.38826094,"sharpe":0.021245653422453877,"epochNumber":5,"otherMetrics":{"balance":1496.38826094,"profit":1396.38826094,"sharpe":0.021245653422453877,"market":30.714285714285722,"relativeProfit":1396.38826094,"yearlyProfit":"3585.01270974","relativeYearlyProfit":"3585.01270974","startPrice":0.000007,"endPrice":0.00000915,"trades":129}}