{"parameters":{"historySize":1300,"SMA_long":300,"SMA_short":36,"takeAt":"5.84","stopAt":"11.74","BULL_RSI":10,"BULL_RSI_low":48,"BEAR_RSI":11,"BEAR_RSI_low":13,"Bull_BB_Time":24,"Bull_BB_DevDown":2,"Bear_BB_Time":27,"Bear_BB_DevDown":1,"BULL_MOD_high":3,"BULL_MOD_low":-3,"BEAR_MOD_high":17,"BEAR_MOD_low":-6,"ADX":4,"ADX_high":61,"ADX_low":54,"candleSize":13},"score":1.5505314609062009,"profit":77.13724398143441,"sharpe":0.020100944509754415,"epochNumber":57,"otherMetrics":{"balance":177.1372439814344,"profit":77.13724398143441,"sharpe":0.020100944509754415,"market":-44.42906574394465,"relativeProfit":77.13724398143441,"yearlyProfit":"477.52203110","relativeYearlyProfit":"477.52203110","startPrice":0.00001445,"endPrice":0.00000803,"trades":29}}