{"parameters":{"historySize":1500,"min_predictions":1500,"threshold_buy":7.790946412178393,"threshold_sell":-6.578787825867202,"learning_rate":0.26972250170989154,"momentum":0.19810229420174852,"decay":0.43118458962282785,"stoploss_enabled":false,"stoploss_threshold":0.5,"hodl_threshold":3.5859678810262228,"price_buffer_len":180,"candleSize":1},"score":1350.6632690859294,"profit":1212.16995644,"sharpe":1.1142523883801474,"epochNumber":2,"otherMetrics":{"balance":1312.16995644,"profit":1212.16995644,"sharpe":1.1142523883801474,"market":34.14285714285714,"relativeProfit":1212.16995644,"yearlyProfit":"4023.90726249","relativeYearlyProfit":"4023.90726249","startPrice":0.000007,"endPrice":0.00000939,"trades":5}}