{"parameters":{"historySize":1500,"min_predictions":1500,"threshold_buy":4.484838576492571,"threshold_sell":-2.9825685727039635,"learning_rate":0.037138333931669036,"momentum":0.21795541879678815,"decay":0.3842354880674657,"stoploss_enabled":false,"stoploss_threshold":0.5,"hodl_threshold":4.834466624587694,"price_buffer_len":370,"candleSize":4},"score":252.11817299703748,"profit":112.00649854,"sharpe":2.2509245113755654,"epochNumber":63,"otherMetrics":{"balance":212.00649854,"profit":112.00649854,"sharpe":2.2509245113755654,"market":7.597377554955656,"relativeProfit":112.00649854,"yearlyProfit":"649.35767529","relativeYearlyProfit":"649.35767529","startPrice":648.25,"endPrice":697.5,"trades":12}}