{"parameters":{"historySize":1500,"min_predictions":1500,"threshold_buy":3.8207722533838204,"threshold_sell":-6.827165668507399,"learning_rate":0.053542771764830493,"momentum":0.4377596567147792,"decay":0.2627817307948855,"stoploss_enabled":false,"stoploss_threshold":0.5,"hodl_threshold":2.403797707144075,"price_buffer_len":400,"candleSize":3},"score":0,"profit":3.8018165299999964,"sharpe":null,"epochNumber":1,"otherMetrics":{"balance":103.80181653,"profit":3.8018165299999964,"sharpe":null,"market":-53.20545179202423,"relativeProfit":3.8018165299999964,"yearlyProfit":"28.33846886","relativeYearlyProfit":"28.33846886","startPrice":0.00001981,"endPrice":0.00000927,"trades":2}}