{"parameters":{"historySize":1150,"SMA_long":1150,"SMA_short":39,"fastPercentCheck":4.7,"BULL_RSI":8,"BULL_RSI_high":72,"BULL_RSI_low":40,"BEAR_RSI":14,"BEAR_RSI_high":51,"BEAR_RSI_low":14,"BULL_MOD_high":5,"BULL_MOD_low":-5,"BEAR_MOD_high":5,"BEAR_MOD_low":-5,"ADX":4,"ADX_high":76,"ADX_low":51,"candleSize":7},"score":0,"profit":0,"sharpe":0,"epochNumber":23,"otherMetrics":{"balance":1977.9829670433867,"profit":1877.9829670433867,"sharpe":-0.4537253916125914,"market":30.714285714285722,"relativeProfit":1877.9829670433867,"yearlyProfit":"4821.43326026","relativeYearlyProfit":"4821.43326026","startPrice":0.000007,"endPrice":0.00000915,"trades":316}}