{"parameters":{"historySize":1300,"SMA_long":1250,"SMA_short":42,"BULL_RSI":12,"BULL_RSI_high":84,"BULL_RSI_low":44,"BEAR_RSI":14,"BEAR_RSI_high":51,"BEAR_RSI_low":29,"ADX":3,"ADX_high":78,"ADX_low":45,"candleSize":21},"score":2375.0174022579963,"profit":843.0965283967835,"sharpe":2.8170171768756833,"epochNumber":101,"otherMetrics":{"balance":943.0965283967835,"profit":843.0965283967835,"sharpe":2.8170171768756833,"market":112.42857142857144,"relativeProfit":843.0965283967835,"yearlyProfit":"3499.69965142","relativeYearlyProfit":"3499.69965142","startPrice":0.000007,"endPrice":0.00001487,"trades":11}}