{"parameters":{"historySize":1300,"SMA_long":900,"SMA_short":42,"BULL_RSI":13,"BULL_RSI_high":76,"BULL_RSI_low":31,"BEAR_RSI":17,"BEAR_RSI_high":76,"BEAR_RSI_low":43,"ADX":3,"ADX_high":64,"ADX_low":51,"candleSize":15},"score":0.9530726655726125,"profit":5.598527727178038,"sharpe":1.163059347238426,"epochNumber":107,"otherMetrics":{"balance":105.59852772717804,"profit":5.598527727178038,"sharpe":1.163059347238426,"market":0.1967622957144357,"relativeProfit":5.598527727178038,"yearlyProfit":"43.50681411","relativeYearlyProfit":"43.50681411","startPrice":0.129598,"endPrice":0.129853,"trades":5}}