{"parameters":{"historySize":500,"SMA_long":500,"SMA_short":52,"BULL_RSI":17,"BULL_RSI_high":78,"BULL_RSI_low":50,"BEAR_RSI":13,"BEAR_RSI_high":100,"BEAR_RSI_low":0,"BULL_MOD_high":5,"BULL_MOD_low":-5,"BEAR_MOD_high":0,"BEAR_MOD_low":0,"ADX":3,"ADX_high":63,"ADX_low":44,"candleSize":13},"score":32.187536265930824,"profit":41.16190324499999,"sharpe":0.7819739547597498,"epochNumber":100,"otherMetrics":{"balance":141.161903245,"profit":41.16190324499999,"sharpe":0.7819739547597498,"market":31.464912554166546,"relativeProfit":41.16190324499999,"yearlyProfit":"1201.52459109","relativeYearlyProfit":"1201.52459109","startPrice":320.77,"endPrice":421.7,"trades":7}}