{"parameters":{"historySize":1300,"SMA_long":650,"SMA_short":56,"BULL_RSI":13,"BULL_RSI_high":85,"BULL_RSI_low":60,"BEAR_RSI":10,"BEAR_RSI_high":51,"BEAR_RSI_low":14,"ADX":3,"ADX_high":67,"ADX_low":54,"candleSize":10},"score":-430.33329828631656,"profit":1248.89076512,"sharpe":-0.34457240801597877,"epochNumber":1325,"otherMetrics":{"balance":1348.89076512,"profit":1248.89076512,"sharpe":-0.34457240801597877,"market":408.01161486174357,"relativeProfit":1248.89076512,"yearlyProfit":"1679.20111154","relativeYearlyProfit":"1679.20111154","startPrice":151.53,"endPrice":769.79,"trades":300}}