{"parameters":{"historySize":1300,"SMA_long":1350,"SMA_short":45,"BULL_RSI":11,"BULL_RSI_high":82,"BULL_RSI_low":23,"BEAR_RSI":23,"BEAR_RSI_high":58,"BEAR_RSI_low":19,"ADX":2,"ADX_high":72,"ADX_low":60,"candleSize":30},"score":0.9999989776988291,"profit":84.1295351878164,"sharpe":2.188194527810935,"epochNumber":5340,"otherMetrics":{"balance":184.1295351878164,"profit":84.1295351878164,"sharpe":2.188194527810935,"market":-17.60950618277407,"relativeProfit":84.1295351878164,"yearlyProfit":"341.58209736","relativeYearlyProfit":"341.58209736","startPrice":0.37281,"endPrice":0.30716,"trades":6}}