{"parameters":{"historySize":1300,"SMA_long":1100,"SMA_short":55,"BULL_RSI":9,"BULL_RSI_high":70,"BULL_RSI_low":49,"BEAR_RSI":13,"BEAR_RSI_high":44,"BEAR_RSI_low":23,"ADX":2,"ADX_high":64,"ADX_low":58,"candleSize":7},"score":-1534.735367045037,"profit":3998.0020360750123,"sharpe":-0.3838755841534648,"epochNumber":20,"otherMetrics":{"balance":4098.002036075012,"profit":3998.0020360750123,"sharpe":-0.3838755841534648,"market":112.42857142857144,"relativeProfit":3998.0020360750123,"yearlyProfit":"16595.73472402","relativeYearlyProfit":"16595.73472402","startPrice":0.000007,"endPrice":0.00001487,"trades":425}}