{"parameters":{"historySize":1300,"SMA_long":1200,"SMA_short":21,"BULL_RSI":12,"BULL_RSI_high":80,"BULL_RSI_low":47,"BEAR_RSI":22,"BEAR_RSI_high":80,"BEAR_RSI_low":20,"BULL_MOD_high":10,"BULL_MOD_low":-10,"BEAR_MOD_high":2,"BEAR_MOD_low":-2,"ADX":3,"ADX_high":69,"ADX_low":44,"candleSize":14},"score":93.15497529194053,"profit":36.944179932378205,"sharpe":2.5215061063054938,"epochNumber":338,"otherMetrics":{"balance":136.9441799323782,"profit":36.944179932378205,"sharpe":2.5215061063054938,"market":-1.1859939759035996,"relativeProfit":36.944179932378205,"yearlyProfit":"150.00163567","relativeYearlyProfit":"150.00163567","startPrice":0.005312,"endPrice":0.005249,"trades":5}}