{"parameters":{"historySize":1300,"SMA_long":850,"SMA_short":39,"BULL_RSI":12,"BULL_RSI_high":55,"BULL_RSI_low":48,"BEAR_RSI":24,"BEAR_RSI_high":41,"BEAR_RSI_low":39,"BULL_MOD_high":2,"BULL_MOD_low":-9,"BEAR_MOD_high":6,"BEAR_MOD_low":-9,"ADX":3,"ADX_high":75,"ADX_low":59,"SMA_Timeframe":11,"BULL_RSI_Timeframe":11,"BEAR_RSI_Timeframe":24,"ADX_Timeframe":14,"candleSize":1},"score":-1836659902.9500694,"profit":875714948.7449338,"sharpe":-2.097326196820498,"epochNumber":6,"otherMetrics":{"balance":875715048.7449338,"profit":875714948.7449338,"sharpe":-2.097326196820498,"market":138.70000000000002,"relativeProfit":875714948.7449338,"yearlyProfit":"1835147210.99235368","relativeYearlyProfit":"1835147210.99235368","startPrice":0.00008,"endPrice":0.00019096,"trades":9519}}