{"parameters":{"historySize":1300,"SMA_long":800,"SMA_short":58,"BULL_RSI":8,"BULL_RSI_high":77,"BULL_RSI_low":58,"BEAR_RSI":16,"BEAR_RSI_high":50,"BEAR_RSI_low":24,"ADX":3,"ADX_high":60,"ADX_low":52,"candleSize":13},"score":-82.91203221462567,"profit":2781.05413066,"sharpe":-0.029813167352822786,"epochNumber":746,"otherMetrics":{"balance":2881.05413066,"profit":2781.05413066,"sharpe":-0.029813167352822786,"market":498.1651376146789,"relativeProfit":2781.05413066,"yearlyProfit":"9130.76142163","relativeYearlyProfit":"9130.76142163","startPrice":0.0000109,"endPrice":0.0000652,"trades":171}}