{"parameters":{"historySize":500,"SMA_long":650,"SMA_short":57,"BULL_RSI":10,"BULL_RSI_high":82,"BULL_RSI_low":62,"BEAR_RSI":18,"BEAR_RSI_high":58,"BEAR_RSI_low":18,"candleSize":14},"score":91.34137949554577,"profit":700.7266532167711,"sharpe":0.13035236932437497,"epochNumber":2,"otherMetrics":{"balance":800.7266532167711,"profit":700.7266532167711,"sharpe":0.13035236932437497,"market":62.379821362860866,"relativeProfit":700.7266532167711,"yearlyProfit":"1695.05173130","relativeYearlyProfit":"1695.05173130","startPrice":0.00149465,"endPrice":0.00242701,"trades":78}}