{"parameters":{"historySize":500,"SMA_long":700,"SMA_short":54,"BULL_RSI":12,"BULL_RSI_high":80,"BULL_RSI_low":60,"BEAR_RSI":12,"BEAR_RSI_high":50,"BEAR_RSI_low":20,"candleSize":15},"score":-35.47392338103468,"profit":83.43941094499999,"sharpe":-0.42514589903346406,"epochNumber":172,"otherMetrics":{"balance":183.439410945,"profit":83.43941094499999,"sharpe":-0.42514589903346406,"market":51.26357387174974,"relativeProfit":83.43941094499999,"yearlyProfit":"275.90149274","relativeYearlyProfit":"275.90149274","startPrice":301.13,"endPrice":455.5,"trades":85}}