{"parameters":{"historySize":20,"interval":17,"low":26,"high":55,"persistence":2,"candleSize":8},"score":-0.5750074814495744,"profit":1.4534140399999993,"sharpe":-0.39562537970912587,"epochNumber":1,"otherMetrics":{"balance":4.41821404,"profit":1.4534140399999993,"sharpe":-0.39562537970912587,"market":-54.26913680781759,"relativeProfit":49.02233000539661,"yearlyProfit":"8.58515220","relativeYearlyProfit":"289.56935364","startPrice":1.9648,"endPrice":0.89852,"trades":47}}