{"parameters":{"historySize":500,"SMA_long":800,"SMA_short":41,"BULL_RSI":7,"BULL_RSI_high":84,"BULL_RSI_low":53,"BEAR_RSI":11,"BEAR_RSI_high":40,"BEAR_RSI_low":24,"candleSize":12},"score":0,"profit":0,"sharpe":0,"epochNumber":2,"otherMetrics":{"balance":92.92753982772449,"profit":-7.0724601722755125,"sharpe":-1.0249420826083757,"market":10.545487454467292,"relativeProfit":-7.0724601722755125,"yearlyProfit":"-73.80465813","relativeYearlyProfit":"-73.80465813","startPrice":0.00220995,"endPrice":0.002443,"trades":38}}