{"parameters":{"historySize":1300,"SMA_long":900,"SMA_short":48,"BULL_RSI":11,"BULL_RSI_high":84,"BULL_RSI_low":61,"BEAR_RSI":15,"BEAR_RSI_high":57,"BEAR_RSI_low":22,"ADX":2,"ADX_high":64,"ADX_low":44,"candleSize":24},"score":62.147841856603605,"profit":158.01351938836632,"sharpe":0.3933071176261594,"epochNumber":290,"otherMetrics":{"balance":258.0135193883663,"profit":158.01351938836632,"sharpe":0.3933071176261594,"market":13.900765373449445,"relativeProfit":158.01351938836632,"yearlyProfit":"440.64093800","relativeYearlyProfit":"440.64093800","startPrice":0.03789,"endPrice":0.043157,"trades":22}}