{"parameters":{"historySize":1300,"SMA_long":650,"SMA_short":44,"BULL_RSI":13,"BULL_RSI_high":51,"BULL_RSI_low":48,"BEAR_RSI":24,"BEAR_RSI_high":66,"BEAR_RSI_low":42,"BULL_MOD_high":3,"BULL_MOD_low":-7,"BEAR_MOD_high":5,"BEAR_MOD_low":-2,"ADX":5,"ADX_high":75,"ADX_low":56,"SMA_Timeframe":24,"BULL_RSI_Timeframe":8,"BEAR_RSI_Timeframe":11,"ADX_Timeframe":25,"candleSize":1},"score":-87442177881931.31,"profit":50237841663400.83,"sharpe":-1.7405639849698105,"epochNumber":5,"otherMetrics":{"balance":50237841663500.83,"profit":50237841663400.83,"sharpe":-1.7405639849698105,"market":-79.599,"relativeProfit":50237841663400.83,"yearlyProfit":"105681755989890.15625000","relativeYearlyProfit":"105681755989890.15625000","startPrice":0.001,"endPrice":0.00020401,"trades":7244}}