{"parameters":{"historySize":1300,"SMA_long":1000,"SMA_short":56,"BULL_RSI":11,"BULL_RSI_high":81,"BULL_RSI_low":46,"BEAR_RSI":17,"BEAR_RSI_high":53,"BEAR_RSI_low":16,"ADX":3,"ADX_high":74,"ADX_low":52,"candleSize":17},"score":307.3727857104223,"profit":1174.34826056,"sharpe":0.2617390394599371,"epochNumber":168,"otherMetrics":{"balance":1274.34826056,"profit":1174.34826056,"sharpe":0.2617390394599371,"market":143.36734693877554,"relativeProfit":1174.34826056,"yearlyProfit":"2430.75490133","relativeYearlyProfit":"2430.75490133","startPrice":0.004116,"endPrice":0.010017,"trades":69}}