{"parameters":{"historySize":1300,"SMA_long":600,"SMA_short":27,"interval":22,"historyLength":42,"Threshold_Ema":32,"BullMarketModifier":25.9,"BearMarketModifier":0.4,"persistence":1,"candleSize":8},"score":47.83323626180509,"profit":1925.01690723,"sharpe":0.024848216180415085,"epochNumber":19,"otherMetrics":{"balance":2025.01690723,"profit":1925.01690723,"sharpe":0.024848216180415085,"market":30.714285714285722,"relativeProfit":1925.01690723,"yearlyProfit":"4942.18568856","relativeYearlyProfit":"4942.18568856","startPrice":0.000007,"endPrice":0.00000915,"trades":137}}