{"parameters":{"historySize":1300,"SMA_long":300,"SMA_short":35,"interval":7,"historyLength":50,"BullMarketModifier":0.2,"BearMarketModifier":0.2,"Threshold_Ema":50,"persistence":1,"candleSize":5},"score":153.2879649678249,"profit":2856.54049508,"sharpe":0.05366210114361846,"epochNumber":39,"otherMetrics":{"balance":2956.54049508,"profit":2856.54049508,"sharpe":0.05366210114361846,"market":30.714285714285722,"relativeProfit":2856.54049508,"yearlyProfit":"7333.72964183","relativeYearlyProfit":"7333.72964183","startPrice":0.000007,"endPrice":0.00000915,"trades":144}}