{"parameters":{"historySize":1300,"SMA_long":450,"SMA_short":59,"BULL_RSI":13,"BULL_RSI_high":85,"BULL_RSI_low":40,"BEAR_RSI":14,"BEAR_RSI_high":42,"BEAR_RSI_low":18,"Bull_BB_Time":15,"Bull_BB_DevUp":6,"Bull_BB_DevDown":2,"Bear_BB_Time":25,"Bear_BB_DevUp":6,"Bear_BB_DevDown":4,"BULL_MOD_high":3,"BULL_MOD_low":-4,"BEAR_MOD_high":14,"BEAR_MOD_low":-3,"ADX":2,"ADX_high":63,"ADX_low":44,"Stop_Loss_Percent":76,"candleSize":14},"score":17.119781654096766,"profit":117.83953213999999,"sharpe":0.14528046185517354,"epochNumber":45,"otherMetrics":{"balance":217.83953214,"profit":117.83953213999999,"sharpe":0.14528046185517354,"market":-25.169779286926996,"relativeProfit":117.83953214000002,"yearlyProfit":"478.45116998","relativeYearlyProfit":"478.45116998","startPrice":0.0001178,"endPrice":0.00008815,"trades":27}}