{"parameters":{"historySize":1300,"SMA_long":1350,"SMA_short":60,"BULL_RSI":11,"BULL_RSI_high":81,"BULL_RSI_low":54,"BEAR_RSI":12,"BEAR_RSI_high":48,"BEAR_RSI_low":10,"Bull_BB_Time":23,"Bull_BB_DevUp":3,"Bull_BB_DevDown":3,"Bear_BB_Time":27,"Bear_BB_DevUp":6,"Bear_BB_DevDown":5,"BULL_MOD_high":4,"BULL_MOD_low":-5,"BEAR_MOD_high":16,"BEAR_MOD_low":-4,"ADX":5,"ADX_high":70,"ADX_low":53,"Stop_Loss_Percent":94,"candleSize":11},"score":36.201085678037174,"profit":30.425786759999994,"sharpe":1.1898159269830229,"epochNumber":6620,"otherMetrics":{"balance":130.42578676,"profit":30.425786759999994,"sharpe":1.1898159269830229,"market":-16.868279569892465,"relativeProfit":30.425786759999994,"yearlyProfit":"188.35238001","relativeYearlyProfit":"188.35238001","startPrice":0.001488,"endPrice":0.001237,"trades":7}}