{"parameters":{"historySize":1300,"SMA_long":1250,"SMA_short":31,"BULL_RSI":13,"BULL_RSI_high":74,"BULL_RSI_low":22,"BEAR_RSI":23,"BEAR_RSI_high":59,"BEAR_RSI_low":37,"BULL_MOD_high":8,"BULL_MOD_low":-4,"BEAR_MOD_high":4,"BEAR_MOD_low":-6,"ADX":2,"ADX_high":63,"ADX_low":48,"candleSize":5},"score":-8.005126370030622,"profit":25.872453739999997,"sharpe":-0.30940731213500366,"epochNumber":1734,"otherMetrics":{"balance":125.87245374,"profit":25.872453739999997,"sharpe":-0.30940731213500366,"market":-32.96788990825689,"relativeProfit":25.872453739999997,"yearlyProfit":"472.48598426","relativeYearlyProfit":"472.48598426","startPrice":0.0436,"endPrice":0.029226,"trades":13}}