{"parameters":{"historySize":1300,"SMA_long":160,"SMA_short":18,"BULL_RSI":13,"BULL_RSI_high":40,"BULL_RSI_low":24,"BEAR_RSI":15,"BEAR_RSI_high":67,"BEAR_RSI_low":54,"BULL_MOD_high":2,"BULL_MOD_low":-3,"BEAR_MOD_high":14,"BEAR_MOD_low":-8,"ADX":2,"ADX_high":68,"ADX_low":61,"ReEntry":1,"candleSize":12},"score":0.2419738923815031,"profit":10.196005510000006,"sharpe":0.02373222456031244,"epochNumber":101,"otherMetrics":{"balance":110.19600551,"profit":10.196005510000006,"sharpe":0.02373222456031244,"market":-46.8677494199536,"relativeProfit":10.19600551000002,"yearlyProfit":"177.33402583","relativeYearlyProfit":"177.33402583","startPrice":0.00001724,"endPrice":0.00000916,"trades":4}}