{
  "parameters": {
    "historySize": 1300,
    "SMA_long": 400,
    "SMA_short": 70,
    "BULL_RSI": 11,
    "BULL_RSI_high": 80,
    "BULL_RSI_low": 42,
    "BEAR_RSI": 19,
    "BEAR_RSI_high": 56,
    "BEAR_RSI_low": 17,
    "Bull_BB_Time": 13,
    "Bull_BB_DevUp": 1,
    "Bull_BB_DevDown": 6,
    "Bear_BB_Time": 16,
    "Bear_BB_DevUp": 4,
    "Bear_BB_DevDown": 2,
    "BULL_MOD_high": 3,
    "BULL_MOD_low": -3,
    "BEAR_MOD_high": 16,
    "BEAR_MOD_low": -5,
    "ADX": 2,
    "ADX_high": 62,
    "ADX_low": 49,
    "Stop_Loss_Percent": 31,
    "candleSize": 20
  },
  "score": 25.802909077726298,
  "profit": 30.63611112000001,
  "sharpe": 0.8422383956193945,
  "epochNumber": 3435,
  "otherMetrics": {
    "balance": 130.63611112,
    "profit": 30.63611112000001,
    "sharpe": 0.8422383956193945,
    "market": -39.082004993278275,
    "relativeProfit": 30.63611112000001,
    "yearlyProfit": "183.43622649",
    "relativeYearlyProfit": "183.43622649",
    "startPrice": 0.00005207,
    "endPrice": 0.00003172,
    "trades": 4
  }
}