{"parameters":{"historySize":1300,"SMA_long":800,"SMA_short":49,"BULL_RSI":13,"BULL_RSI_high":79,"BULL_RSI_low":47,"BEAR_RSI":18,"BEAR_RSI_high":58,"BEAR_RSI_low":13,"BULL_MOD_high":6,"BULL_MOD_low":-5,"BEAR_MOD_high":15,"BEAR_MOD_low":-6,"ADX":4,"ADX_high":67,"ADX_low":54,"Stop_Loss_Percent":82,"candleSize":20},"score":7.751644414102233,"profit":103.91536640000001,"sharpe":0.6637783489091361,"epochNumber":168,"otherMetrics":{"balance":203.9153664,"profit":103.91536640000001,"sharpe":0.6637783489091361,"market":-16.954341514911576,"relativeProfit":103.91536640000001,"yearlyProfit":"262.61413743","relativeYearlyProfit":"262.61413743","startPrice":0.03789,"endPrice":0.031466,"trades":13}}