{
  "parameters": {
    "historySize": 1300,
    "SMA_long": 350,
    "SMA_short": 54,
    "BULL_RSI": 13,
    "BULL_RSI_high": 71,
    "BULL_RSI_low": 55,
    "BEAR_RSI": 11,
    "BEAR_RSI_high": 54,
    "BEAR_RSI_low": 24,
    "Bull_BB_Time": 23,
    "Bull_BB_DevUp": 4,
    "Bull_BB_DevDown": 3,
    "Bear_BB_Time": 21,
    "Bear_BB_DevUp": 2,
    "Bear_BB_DevDown": 2,
    "BULL_MOD_high": 7,
    "BULL_MOD_low": -5,
    "BEAR_MOD_high": 15,
    "BEAR_MOD_low": -3,
    "ADX": 4,
    "ADX_high": 77,
    "ADX_low": 60,
    "Stop_Loss_Percent": 76,
    "candleSize": 21
  },
  "score": -20.570840534743404,
  "profit": 15.885495199999994,
  "sharpe": -1.294944871139013,
  "epochNumber": 115,
  "otherMetrics": {
    "balance": 115.8854952,
    "profit": 15.885495199999994,
    "sharpe": -1.294944871139013,
    "market": -35.40576496674058,
    "relativeProfit": 15.885495199999994,
    "yearlyProfit": "95.11570460",
    "relativeYearlyProfit": "95.11570460",
    "startPrice": 0.0002255,
    "endPrice": 0.00014566,
    "trades": 32
  }
}