{"parameters":{"historySize":1300,"SMA_long":1300,"SMA_short":40,"BULL_RSI":13,"BULL_RSI_high":76,"BULL_RSI_low":29,"BEAR_RSI":23,"BEAR_RSI_high":60,"BEAR_RSI_low":21,"BULL_MOD_high":12,"BULL_MOD_low":-3,"BEAR_MOD_high":20,"BEAR_MOD_low":-17,"ADX":2,"ADX_high":62,"ADX_low":44,"candleSize":3},"score":-32.442080569164965,"profit":62.15106807007879,"sharpe":-0.5219874987922124,"epochNumber":74,"otherMetrics":{"balance":162.1510680700788,"profit":62.15106807007879,"sharpe":-0.5219874987922124,"market":-75.05943544967305,"relativeProfit":62.15106807007879,"yearlyProfit":"304.10554033","relativeYearlyProfit":"304.10554033","startPrice":2.75811407,"endPrice":0.68788922,"trades":75}}