{"parameters":{"historySize":1300,"SMA_long":300,"SMA_short":24,"BULL_RSI":13,"BULL_RSI_high":82,"BULL_RSI_low":51,"BEAR_RSI":15,"BEAR_RSI_high":47,"BEAR_RSI_low":25,"BULL_MOD_high":6,"BULL_MOD_low":-3,"BEAR_MOD_high":15,"BEAR_MOD_low":-6,"ADX":2,"ADX_high":61,"ADX_low":52,"Stop_Loss_Percent":36,"candleSize":5},"score":-2481.387477423847,"profit":3089.00409495,"sharpe":-0.8032969206743676,"epochNumber":881,"otherMetrics":{"balance":3189.00409495,"profit":3089.00409495,"sharpe":-0.8032969206743676,"market":320.33920675773777,"relativeProfit":3089.00409495,"yearlyProfit":"3919.53552215","relativeYearlyProfit":"3919.53552215","startPrice":151.53,"endPrice":636.94,"trades":840}}