{
  "parameters": {
    "historySize": 1300,
    "SMA_long": 1050,
    "SMA_short": 22,
    "BULL_RSI": 9,
    "BULL_RSI_high": 83,
    "BULL_RSI_low": 65,
    "BEAR_RSI": 15,
    "BEAR_RSI_high": 44,
    "BEAR_RSI_low": 19,
    "BULL_MOD_high": 5,
    "BULL_MOD_low": -5,
    "BEAR_MOD_high": 13,
    "BEAR_MOD_low": -3,
    "ADX": 5,
    "ADX_high": 65,
    "ADX_low": 47,
    "Stop_Loss_Percent": 8,
    "candleSize": 20
  },
  "score": 218.32607456636276,
  "profit": 218.32607456636276,
  "sharpe": 1.5637591774188173,
  "epochNumber": 96,
  "otherMetrics": {
    "balance": 318.32607456636276,
    "profit": 218.32607456636276,
    "sharpe": 1.5637591774188173,
    "market": -24.75,
    "relativeProfit": 218.32607456636276,
    "yearlyProfit": "3224.24957200",
    "relativeYearlyProfit": "3224.24957200",
    "startPrice": 0.002,
    "endPrice": 0.001505,
    "trades": 15
  }
}