{"parameters":{"historySize":1300,"SMA_long":700,"SMA_short":66,"BULL_RSI":8,"BULL_RSI_high":82,"BULL_RSI_low":42,"BEAR_RSI":11,"BEAR_RSI_high":47,"BEAR_RSI_low":28,"Bull_BB_Time":11,"Bull_BB_DevUp":2,"Bull_BB_DevDown":1,"Bear_BB_Time":21,"Bear_BB_DevUp":7,"Bear_BB_DevDown":3,"BULL_MOD_high":7,"BULL_MOD_low":-5,"BEAR_MOD_high":16,"BEAR_MOD_low":-7,"ADX":5,"ADX_high":76,"ADX_low":59,"Stop_Loss_Percent":76,"candleSize":11},"score":1.913681848992407,"profit":177.85867223999998,"sharpe":0.01075956446143999,"epochNumber":5888,"otherMetrics":{"balance":277.85867224,"profit":177.85867223999998,"sharpe":0.01075956446143999,"market":-59.456440804169766,"relativeProfit":177.85867223999998,"yearlyProfit":"1101.04315416","relativeYearlyProfit":"1101.04315416","startPrice":0.0018802,"endPrice":0.0007623,"trades":47}}