{"parameters":{"historySize":1300,"SMA_long":1300,"SMA_short":65,"BULL_RSI":11,"BULL_RSI_high":81,"BULL_RSI_low":61,"BEAR_RSI":16,"BEAR_RSI_high":47,"BEAR_RSI_low":13,"BULL_MOD_high":7,"BULL_MOD_low":-7,"BEAR_MOD_high":17,"BEAR_MOD_low":-5,"ADX":5,"ADX_high":80,"ADX_low":42,"Stop_Loss_Percent":25,"candleSize":20},"score":240.31828963106204,"profit":240.31828963106204,"sharpe":1.0408794349033226,"epochNumber":2404,"otherMetrics":{"balance":340.31828963106204,"profit":240.31828963106204,"sharpe":1.0408794349033226,"market":-24.75,"relativeProfit":240.31828963106204,"yearlyProfit":"3549.03162174","relativeYearlyProfit":"3549.03162174","startPrice":0.002,"endPrice":0.001505,"trades":13}}