{"parameters":{"historySize":1300,"SMA_long":500,"SMA_short":66,"BULL_RSI":12,"BULL_RSI_high":80,"BULL_RSI_low":53,"BEAR_RSI":20,"BEAR_RSI_high":44,"BEAR_RSI_low":19,"Bull_BB_Time":9,"Bull_BB_DevUp":5,"Bull_BB_DevDown":1,"Bear_BB_Time":19,"Bear_BB_DevUp":4,"Bear_BB_DevDown":5,"BULL_MOD_high":7,"BULL_MOD_low":-5,"BEAR_MOD_high":17,"BEAR_MOD_low":-5,"ADX":2,"ADX_high":64,"ADX_low":52,"Stop_Loss_Percent":42,"candleSize":6},"score":0.39856951372036364,"profit":101.99037383657478,"sharpe":0.003907913058138361,"epochNumber":5028,"otherMetrics":{"balance":201.99037383657478,"profit":101.99037383657478,"sharpe":0.003907913058138361,"market":7.83898305084746,"relativeProfit":101.99037383657478,"yearlyProfit":"631.37659519","relativeYearlyProfit":"631.37659519","startPrice":0.00000472,"endPrice":0.00000509,"trades":32}}