{"parameters":{"historySize":1300,"SMA_long":1000,"SMA_short":33,"interval":10,"historyLength":60,"Threshold_Ema":61,"Stoploss":16,"BullMarketModifierUpper":23.8,"BullMarketModifierLower":20,"BearMarketModifierUpper":0.3,"BearMarketModifierLower":2,"candleSize":14},"score":94.12302791137424,"profit":100.85043823000001,"sharpe":0.933293196968731,"epochNumber":98,"otherMetrics":{"balance":200.85043823,"profit":100.85043823000001,"sharpe":0.933293196968731,"market":-55.88089330024814,"relativeProfit":100.85043823000001,"yearlyProfit":"447.07782494","relativeYearlyProfit":"447.07782494","startPrice":0.00002015,"endPrice":0.00000889,"trades":12}}