{"parameters":{"historySize":1300,"SMA_long":750,"SMA_short":30,"BULL_RSI":10,"BULL_RSI_high":65,"BULL_RSI_low":25,"BEAR_RSI":13,"BEAR_RSI_high":60,"BEAR_RSI_low":14,"BULL_MOD_high":7,"BULL_MOD_low":-12,"BEAR_MOD_high":15,"BEAR_MOD_low":-12,"ADX":2,"ADX_high":41,"ADX_low":23,"candleSize":3},"score":-113.87753124417745,"profit":117.95145205,"sharpe":-0.9654610372740846,"epochNumber":2184,"otherMetrics":{"balance":217.95145205,"profit":117.95145205,"sharpe":-0.9654610372740846,"market":-75.05943544967305,"relativeProfit":117.95145205000003,"yearlyProfit":"577.13714620","relativeYearlyProfit":"577.13714620","startPrice":2.75811407,"endPrice":0.68788922,"trades":163}}