{"parameters":{"historySize":1300,"SMA_long":1000,"SMA_short":65,"BULL_RSI":12,"BULL_RSI_high":84,"BULL_RSI_low":66,"BEAR_RSI":16,"BEAR_RSI_high":58,"BEAR_RSI_low":42,"BULL_MOD_high":2,"BULL_MOD_low":-13,"BEAR_MOD_high":13,"BEAR_MOD_low":-3,"ADX":4,"ADX_high":78,"ADX_low":28,"ReEntry":0,"candleSize":18},"score":2.912030059436145,"profit":1991.3672524822082,"sharpe":0.0014623269795193956,"epochNumber":796,"otherMetrics":{"balance":2091.367252482208,"profit":1991.3672524822082,"sharpe":0.0014623269795193956,"market":-7.105538140020911,"relativeProfit":1991.3672524822082,"yearlyProfit":"5195.22824082","relativeYearlyProfit":"5195.22824082","startPrice":0.00000957,"endPrice":0.00000889,"trades":166}}