{"parameters":{"historySize":1300,"SMA_long":650,"SMA_short":59,"BULL_RSI":7,"BULL_RSI_high":76,"BULL_RSI_low":41,"BEAR_RSI":18,"BEAR_RSI_high":60,"BEAR_RSI_low":18,"Bull_BB_Time":17,"Bull_BB_DevUp":3,"Bull_BB_DevDown":4,"Bear_BB_Time":14,"Bear_BB_DevUp":4,"Bear_BB_DevDown":2,"BULL_MOD_high":6,"BULL_MOD_low":-4,"BEAR_MOD_high":16,"BEAR_MOD_low":-6,"ADX":2,"ADX_high":79,"ADX_low":52,"Stop_Loss_Percent":20,"candleSize":21},"score":10.387942010694834,"profit":28.41646030999999,"sharpe":0.36556073125825705,"epochNumber":4529,"otherMetrics":{"balance":128.41646031,"profit":28.41646030999999,"sharpe":0.36556073125825705,"market":-51.32181882270003,"relativeProfit":28.41646030999999,"yearlyProfit":"170.14588532","relativeYearlyProfit":"170.14588532","startPrice":0.014185,"endPrice":0.006905,"trades":8}}