{"parameters":{"historySize":1300,"SMA_long":1050,"SMA_short":33,"BULL_RSI":7,"BULL_RSI_high":70,"BULL_RSI_low":40,"BEAR_RSI":14,"BEAR_RSI_high":44,"BEAR_RSI_low":16,"BULL_MOD_high":5,"BULL_MOD_low":-8,"BEAR_MOD_high":13,"BEAR_MOD_low":-5,"ADX":5,"ADX_high":73,"ADX_low":55,"Stop_Loss_Percent":7,"candleSize":5},"score":-7319.113066068438,"profit":4444.792616152115,"sharpe":-1.6466714418736232,"epochNumber":416,"otherMetrics":{"balance":4544.792616152115,"profit":4444.792616152115,"sharpe":-1.6466714418736232,"market":6.991290577988906,"relativeProfit":4444.792616152115,"yearlyProfit":"11702.19163449","relativeYearlyProfit":"11702.19163449","startPrice":0.03789,"endPrice":0.040539,"trades":1154}}