{"parameters":{"historySize":1300,"SMA_long":700,"SMA_short":45,"BULL_RSI":9,"BULL_RSI_high":79,"BULL_RSI_low":41,"BEAR_RSI":16,"BEAR_RSI_high":44,"BEAR_RSI_low":19,"BULL_MOD_high":6,"BULL_MOD_low":-4,"BEAR_MOD_high":17,"BEAR_MOD_low":-7,"ADX":3,"ADX_high":66,"ADX_low":42,"Stop_Loss_Percent":84,"candleSize":16},"score":135.13144719,"profit":135.13144719,"sharpe":0.006888925637807804,"epochNumber":23,"otherMetrics":{"balance":235.13144719,"profit":135.13144719,"sharpe":0.006888925637807804,"market":-17.566640274478743,"relativeProfit":135.13144719,"yearlyProfit":"340.32253012","relativeYearlyProfit":"340.32253012","startPrice":0.03789,"endPrice":0.031234,"trades":43}}