{"parameters":{"historySize":1300,"SMA_long":1150,"SMA_short":39,"BULL_RSI":8,"BULL_RSI_high":72,"BULL_RSI_low":40,"BEAR_RSI":14,"BEAR_RSI_high":51,"BEAR_RSI_low":14,"BULL_MOD_high":5,"BULL_MOD_low":-5,"BEAR_MOD_high":15,"BEAR_MOD_low":-5,"ADX":4,"ADX_high":76,"ADX_low":51,"Stop_Loss_Percent":48,"candleSize":7},"score":-3112.914417736084,"profit":7917.65455007,"sharpe":-0.3931611815153722,"epochNumber":507,"otherMetrics":{"balance":8017.65455007,"profit":7917.65455007,"sharpe":-0.3931611815153722,"market":112.42857142857144,"relativeProfit":7917.65455007,"yearlyProfit":"32866.24002783","relativeYearlyProfit":"32866.24002783","startPrice":0.000007,"endPrice":0.00001487,"trades":431}}