{"parameters":{"historySize":100,"STC":{"Fast_MA":13,"Slow_MA":51,"Cycle":25},"thresholds":{"high":45,"low":27,"persistence":2},"candleSize":22},"score":-228,"profit":336.2085505787941,"sharpe":-0.6810887615094258,"epochNumber":19,"otherMetrics":{"balance":436.2085505787941,"profit":336.2085505787941,"sharpe":-0.6810887615094258,"market":-7.105538140020911,"relativeProfit":336.2085505787941,"yearlyProfit":"877.12608239","relativeYearlyProfit":"877.12608239","startPrice":0.00000957,"endPrice":0.00000889,"trades":206}}