{"parameters":{"historySize":100,"STC":{"Fast_MA":49,"Slow_MA":61,"Cycle":7},"thresholds":{"high":90,"low":13},"candleSize":30},"score":-37.12980133988065,"profit":401.87536535,"sharpe":-0.09239133458091836,"epochNumber":39,"otherMetrics":{"balance":501.87536535,"profit":401.87536535,"sharpe":-0.09239133458091836,"market":-7.105538140020911,"relativeProfit":401.87536535000004,"yearlyProfit":"1048.44259378","relativeYearlyProfit":"1048.44259378","startPrice":0.00000957,"endPrice":0.00000889,"trades":148}}