{"parameters":{"historySize":1300,"SMA_long":300,"SMA_short":10,"BULL_STC":{"fastLength":24,"slowLength":82,"stcLength":48,"factor":0.1},"BULL_STC_high":59,"BULL_STC_low":36,"BEAR_STC":{"fastLength":49,"slowLength":94,"stcLength":46,"factor":0.1},"BEAR_STC_high":53,"BEAR_STC_low":35,"BULL_MOD_high":5,"BULL_MOD_low":-14,"BEAR_MOD_high":2,"BEAR_MOD_low":-20,"ADX":5,"ADX_high":42,"ADX_low":59,"candleSize":27},"score":45.12246086070141,"profit":555.44204938,"sharpe":0.08123702717694559,"epochNumber":96,"otherMetrics":{"balance":655.44204938,"profit":555.44204938,"sharpe":0.08123702717694559,"market":26.999999999999986,"relativeProfit":555.44204938,"yearlyProfit":"1448.75549365","relativeYearlyProfit":"1448.75549365","startPrice":0.000007,"endPrice":0.00000889,"trades":76}}